{"timesteps": 75, "ep_reward": -79.9115437087529, "num_updates": 0, "episodes": 500, "_timestamp": 1694968346.7029996, "_runtime": 73.11252570152283, "_step": 500, "_wandb": {"runtime": 5382}}